City_ID,City,Country,Lat,Lng,Max Temp,Humidity,Cloudiness,Wind Speed,Current Description
0,Cherskiy,RU,68.75,161.3,46.0,73,100,6.29,overcast clouds
1,Beringovskiy,RU,63.05,179.32,47.34,83,100,22.95,overcast clouds
2,Qaanaaq,GL,77.48,-69.36,30.88,83,0,5.3,clear sky
3,Avarua,CK,-21.21,-159.78,77.0,69,44,18.34,scattered clouds
4,Katsuura,JP,35.13,140.3,95.0,62,75,4.7,broken clouds
5,Carnarvon,AU,-24.87,113.63,75.2,29,0,12.75,clear sky
6,Omsukchan,RU,62.53,155.8,45.66,73,100,6.71,light rain
7,Cap Malheureux,MU,-19.98,57.61,70.0,71,2,8.01,clear sky
8,Bluff,NZ,-46.6,168.33,54.03,74,67,29.46,broken clouds
9,Fortuna,US,40.6,-124.16,59.0,76,1,9.17,clear sky
10,Tuatapere,NZ,-46.13,167.68,56.88,62,80,12.48,broken clouds
11,Smolenka,RU,52.14,113.5,57.2,76,40,8.95,scattered clouds
12,Hualmay,PE,-11.1,-77.61,60.64,85,60,8.16,broken clouds
13,Bethel,US,41.37,-73.41,73.4,78,75,18.34,moderate rain
14,Portel,BR,-1.94,-50.82,76.53,80,47,3.18,scattered clouds
15,Barrow,US,71.29,-156.79,37.4,74,90,17.22,overcast clouds
16,Port Hardy,CA,50.7,-127.42,59.0,77,40,12.75,scattered clouds
17,Astana,KZ,51.18,71.45,59.0,77,5,4.47,clear sky
18,San Pedro De Macoris,DO,18.46,-69.3,80.6,83,20,5.82,few clouds
19,Mackenzie,CA,55.3,-123.17,55.4,58,1,4.63,clear sky
20,Ushuaia,AR,-54.8,-68.3,32.0,93,90,20.8,snow
21,Chuy,UY,-33.7,-53.46,51.78,87,98,13.11,overcast clouds
22,Mataura,NZ,-46.19,168.86,56.25,61,100,9.51,overcast clouds
23,Port Augusta,AU,-32.5,137.77,62.6,59,90,11.41,overcast clouds
24,Hamilton,US,39.18,-84.53,77.0,61,40,5.82,scattered clouds
25,Lagoa,PT,39.05,-27.98,73.98,95,54,7.9,broken clouds
26,Hobyo,SO,5.35,48.53,76.42,87,99,21.54,overcast clouds
27,San Rafael,AR,-34.62,-68.33,46.0,52,0,5.14,clear sky
28,Bondo,CD,3.81,23.69,67.8,97,100,4.09,light rain
29,Rikitea,PF,-23.12,-134.97,70.43,72,0,6.44,clear sky
30,Lunenburg,CA,44.38,-64.32,66.99,98,100,23.26,heavy intensity rain
31,Marsabit,KE,2.33,37.99,60.01,92,21,15.82,few clouds
32,Manhush,UA,47.06,37.31,64.99,100,0,8.99,clear sky
33,Port Alfred,ZA,-33.59,26.89,49.82,63,16,21.61,few clouds
34,Nantucket,US,41.28,-70.1,71.6,94,90,12.75,mist
35,Thompson,CA,55.74,-97.86,53.6,81,75,4.7,broken clouds
36,Sarana,RU,56.48,57.73,60.3,88,100,2.37,overcast clouds
37,Khandagayty,RU,50.73,92.05,56.01,56,2,6.51,clear sky
38,Provideniya,RU,64.38,-173.3,53.37,63,65,10.18,broken clouds
39,Albany,US,42.6,-73.97,70.0,71,15,5.99,few clouds
40,Paramonga,PE,-10.67,-77.83,61.27,84,81,7.23,broken clouds
41,Longyearbyen,SJ,78.22,15.64,41.0,89,40,21.92,shower rain
42,Esperance,AU,-33.87,121.9,55.4,71,90,6.93,overcast clouds
43,Busselton,AU,-33.65,115.33,55.99,69,51,5.99,broken clouds
44,Talnakh,RU,69.49,88.4,46.4,100,90,2.24,fog
45,Bredasdorp,ZA,-34.53,20.04,41.0,86,8,9.17,clear sky
46,Haines Junction,CA,60.75,-137.51,56.28,51,7,7.81,clear sky
47,Tateyama,JP,34.98,139.87,89.6,62,75,4.7,broken clouds
48,Poum,NC,-20.23,164.02,70.32,73,49,16.89,scattered clouds
49,Lexington Park,US,38.27,-76.45,77.0,83,1,6.93,thunderstorm
50,Visnes,NO,59.36,5.22,55.4,71,97,19.46,overcast clouds
51,Atuona,PF,-9.8,-139.03,79.18,77,13,20.24,few clouds
52,Victoria,HK,22.29,114.16,89.01,66,20,4.0,light rain
53,Ugento,IT,39.93,18.16,78.01,94,5,6.93,clear sky
54,Cape Town,ZA,-33.93,18.42,39.2,93,75,2.24,light rain
55,Key Largo,US,25.09,-80.45,84.0,1,100,5.75,overcast clouds
56,Mayumba,GA,-3.43,10.66,73.06,88,100,7.31,overcast clouds
57,Punta Arenas,CL,-53.15,-70.92,37.4,82,70,17.22,broken clouds
58,Muriwai Beach,NZ,-36.82,174.45,62.01,74,4,1.99,clear sky
59,Camacha,PT,33.08,-16.33,71.6,60,40,9.17,scattered clouds
60,Bandarbeyla,SO,9.49,50.81,77.25,72,86,24.0,overcast clouds
61,Saldanha,ZA,-33.01,17.94,35.6,63,13,1.12,few clouds
62,Pacifica,US,37.61,-122.49,62.01,100,90,8.05,mist
63,Taunggyi,MM,20.78,97.03,70.88,89,94,2.26,overcast clouds
64,Birao,CF,10.28,22.79,70.05,97,5,4.56,light rain
65,Hermanus,ZA,-34.42,19.23,39.0,93,7,1.01,clear sky
66,Iqaluit,CA,63.75,-68.51,51.8,66,75,11.41,broken clouds
67,Narsaq,GL,60.92,-46.05,60.8,31,76,24.16,broken clouds
68,Ponta Do Sol,PT,32.67,-17.1,71.6,53,40,14.99,scattered clouds
69,Martapura,ID,-3.42,114.85,86.85,61,33,5.14,scattered clouds
70,Hobart,AU,-42.88,147.33,69.8,32,40,31.09,scattered clouds
71,Zyryanka,RU,65.75,150.85,53.92,47,0,3.15,clear sky
72,Viedma,AR,-40.81,-63.0,34.0,57,0,4.0,clear sky
73,Havelock,US,34.88,-76.9,82.0,83,40,8.05,scattered clouds
74,Half Moon Bay,US,37.46,-122.43,68.0,100,90,8.05,mist
75,Bandiagara,ML,14.35,-3.61,76.24,83,100,8.77,overcast clouds
76,Panjakent,TJ,39.5,67.61,68.0,64,0,4.7,clear sky
77,Chokurdakh,RU,70.63,147.92,42.31,81,100,3.87,overcast clouds
78,Vila Franca Do Campo,PT,37.72,-25.43,73.4,83,75,9.17,broken clouds
79,Leningradskiy,RU,69.38,178.42,37.45,87,100,10.74,overcast clouds
80,Kapurthala,IN,31.38,75.38,82.4,83,20,5.97,mist
81,Esmeralda,CU,21.85,-78.12,78.8,100,0,8.05,clear sky
82,Nikolskoye,RU,59.7,30.79,53.6,87,75,11.18,light intensity shower rain
83,Fernandez,AR,-27.92,-63.89,59.22,39,30,13.69,scattered clouds
84,Upernavik,GL,72.79,-56.15,40.15,74,0,3.31,clear sky
85,Kuruman,ZA,-27.45,23.43,36.0,72,0,12.48,clear sky
86,Ornskoldsvik,SE,63.29,18.72,44.6,100,30,3.36,scattered clouds
87,Arraial Do Cabo,BR,-22.97,-42.03,71.96,87,0,26.33,clear sky
88,Yulara,AU,-25.24,130.99,75.2,22,0,10.29,clear sky
89,Tuktoyaktuk,CA,69.45,-133.04,42.8,87,20,11.41,few clouds
90,Pakala,IN,13.47,79.12,80.6,74,20,6.13,few clouds
91,Cockburn Town,TC,21.46,-71.14,82.42,80,0,14.79,clear sky
92,Sioux Lookout,CA,50.1,-91.92,50.0,93,40,2.24,scattered clouds
93,Aklavik,CA,68.22,-135.01,59.0,36,20,8.05,few clouds
94,Lavrentiya,RU,65.58,-171.0,50.74,65,0,10.76,clear sky
95,Pacific Grove,US,36.62,-121.92,59.0,93,72,1.99,broken clouds
96,Kavieng,PG,-2.57,150.8,85.91,68,31,12.62,scattered clouds
97,Tongchuan,CN,35.08,109.09,71.44,73,97,2.71,overcast clouds
98,Casa Grande,US,32.88,-111.76,95.0,36,75,20.8,moderate rain
99,Sao Filipe,CV,14.9,-24.5,79.12,83,76,7.58,broken clouds
100,Kavaratti,IN,10.57,72.64,81.97,78,100,14.5,light rain
101,Parchim,DE,53.43,11.85,57.0,96,75,2.48,broken clouds
102,Tiksi,RU,71.69,128.87,45.88,75,0,8.43,clear sky
103,Hithadhoo,MV,-0.6,73.08,82.65,73,34,10.11,scattered clouds
104,Faanui,PF,-16.48,-151.75,78.3,75,0,23.38,clear sky
105,Port-Gentil,GA,-0.72,8.78,75.16,87,89,14.63,overcast clouds
106,Lebu,CL,-37.62,-73.65,44.2,76,0,12.33,clear sky
107,Kaitangata,NZ,-46.28,169.85,58.5,56,66,17.58,broken clouds
108,Jamestown,US,42.1,-79.24,62.6,77,75,8.05,broken clouds
109,Fort Walton Beach,US,30.41,-86.62,82.4,100,1,13.11,clear sky
110,Te Anau,NZ,-45.42,167.72,52.05,72,100,7.18,overcast clouds
111,Butaritari,KI,3.07,172.79,84.0,68,37,10.42,scattered clouds
112,Lorengau,PG,-2.02,147.27,85.33,71,98,11.68,overcast clouds
113,Ginir,ET,7.13,40.7,57.24,83,71,6.24,broken clouds
114,Saint-Philippe,RE,-21.36,55.77,64.4,77,76,5.82,broken clouds
115,General Roca,AR,-39.03,-67.58,44.6,39,0,6.93,clear sky
116,Dunmore Town,BS,25.5,-76.65,84.24,67,38,5.35,scattered clouds
117,Puerto Narino,CO,-3.77,-70.38,77.0,100,100,3.02,overcast clouds
118,Rakai,UG,-0.72,31.48,61.23,88,66,6.24,broken clouds
119,Charlestown,AU,-32.95,151.67,75.0,44,0,5.01,clear sky
120,New Norfolk,AU,-42.78,147.06,66.99,52,58,5.99,broken clouds
121,Port Lincoln,AU,-34.73,135.87,57.61,60,66,21.5,broken clouds
122,Mount Isa,AU,-20.73,139.5,82.4,34,18,11.41,few clouds
123,Talas,TR,38.69,35.55,51.8,50,0,5.82,clear sky
124,Dunedin,NZ,-45.87,170.5,59.41,53,65,17.0,broken clouds
125,Port Elizabeth,ZA,-33.92,25.57,46.4,87,90,16.11,overcast clouds
126,Elbrus,RU,43.26,42.64,47.34,48,0,1.5,clear sky
127,Ostrovnoy,RU,68.05,39.51,47.37,90,100,4.03,overcast clouds
128,Chumikan,RU,54.72,135.31,58.66,51,99,9.26,overcast clouds
129,Saint George,US,37.1,-113.58,95.0,17,1,14.99,clear sky
130,Parrita,CR,9.52,-84.32,69.8,100,75,2.24,broken clouds
131,Solenzo,BF,12.18,-4.08,72.97,93,100,7.38,overcast clouds
132,Yellowknife,CA,62.46,-114.35,46.4,81,75,18.34,broken clouds
133,Phalodi,IN,27.13,72.37,89.6,55,30,5.88,scattered clouds
134,Kirkwood,US,38.58,-90.41,73.0,78,75,4.7,broken clouds
135,Balkanabat,TM,39.51,54.37,72.05,47,0,5.66,clear sky
136,Kodiak,US,57.79,-152.41,53.6,93,90,20.8,light rain
137,Nalut,LY,30.33,10.85,80.26,24,0,15.12,clear sky
138,Mahebourg,MU,-20.41,57.7,69.8,73,40,14.99,scattered clouds
139,Sabang,ID,5.89,95.32,83.43,73,100,8.46,overcast clouds
140,Hanzhong,CN,33.07,107.03,74.98,80,88,3.06,overcast clouds
141,Deputatskiy,RU,69.3,139.9,40.03,80,96,4.36,overcast clouds
142,East London,ZA,-33.02,27.91,52.05,61,42,18.97,scattered clouds
143,Norman Wells,CA,65.28,-126.83,57.2,40,20,6.93,few clouds
144,Scarborough,GB,54.28,-0.4,53.01,73,97,5.01,overcast clouds
145,Chernyshevskiy,RU,63.01,112.47,62.85,56,1,7.54,clear sky
146,Akdepe,TM,42.06,59.38,66.2,63,39,4.7,scattered clouds
147,San Pedro,PH,14.35,121.02,88.0,62,82,14.99,broken clouds
148,Karratha,AU,-20.74,116.85,88.57,20,0,20.4,clear sky
149,Puerto Ayora,EC,-0.74,-90.35,65.28,86,97,11.03,overcast clouds
150,Mahajanga,MG,-15.72,46.32,66.2,72,0,4.7,clear sky
151,Khatanga,RU,71.97,102.5,55.63,59,94,10.63,overcast clouds
152,Meulaboh,ID,4.14,96.13,80.31,83,100,3.06,overcast clouds
153,Namatanai,PG,-3.67,152.43,84.88,71,45,8.59,scattered clouds
154,Ambovombe,MG,-25.17,46.08,71.64,62,70,6.93,broken clouds
155,Shelburne,CA,44.08,-80.2,62.6,72,75,12.75,broken clouds
156,Mandalgovi,MN,45.76,106.27,57.94,68,100,4.9,light rain
157,Saint-Jacques,CA,45.95,-73.57,57.99,95,100,4.43,light rain
158,Issenye,TZ,-2.0,34.33,65.93,64,55,2.39,broken clouds
159,Suwannaphum,TH,15.6,103.8,88.0,74,20,4.7,few clouds
160,Ribeira Grande,PT,38.52,-28.7,74.5,94,69,7.02,broken clouds
161,Jaru,BR,-10.44,-62.47,80.2,54,28,3.38,scattered clouds
162,Plon,DE,54.17,10.42,53.6,93,0,1.12,clear sky
163,Torbat-E Jam,IR,35.24,60.62,64.8,29,0,14.99,clear sky
164,Puerto Del Rosario,ES,28.5,-13.86,71.6,68,62,19.46,broken clouds
165,Kapaa,US,22.08,-159.32,82.4,74,1,14.99,clear sky
166,Palmerston,AU,-12.49,130.98,89.01,27,68,17.22,broken clouds
167,Hasaki,JP,35.73,140.83,95.0,63,40,8.05,scattered clouds
168,Constanza,DE,47.66,9.18,55.99,100,100,4.7,light rain
169,Sri Aman,MY,1.24,111.46,80.6,88,40,1.68,scattered clouds
170,Clyde River,CA,70.47,-68.59,42.8,93,1,1.28,clear sky
171,Troitsko-Pechorsk,RU,62.71,56.2,50.72,97,97,1.21,overcast clouds
172,Storforshei,NO,66.4,14.52,39.0,94,96,1.01,overcast clouds
173,Severo-Kurilsk,RU,50.68,156.12,52.83,79,63,10.87,broken clouds
174,Vysokogornyy,RU,50.12,139.15,58.87,51,97,6.98,overcast clouds
175,Karimganj,IN,24.87,92.35,78.39,92,100,2.13,overcast clouds
176,Dingle,PH,11.0,122.67,86.14,72,88,7.7,overcast clouds
177,Marsh Harbour,BS,26.54,-77.06,84.31,70,91,5.99,overcast clouds
178,Vaini,TO,-21.2,-175.2,80.6,78,40,10.29,scattered clouds
179,San Policarpo,PH,12.18,125.51,80.65,80,100,9.22,light rain
180,Codrington,AU,-38.27,141.97,56.35,78,100,17.07,light rain
181,Pevek,RU,69.7,170.31,39.18,82,100,6.76,overcast clouds
182,Miranda,CO,3.25,-76.23,68.0,88,75,3.36,shower rain
183,Plattsburgh,US,44.7,-73.45,69.8,73,75,9.17,broken clouds
184,Tukrah,LY,32.53,20.58,74.97,65,0,8.93,clear sky
185,Nieuw Amsterdam,SR,5.88,-55.08,78.01,94,100,5.14,light rain
186,Kodinsk,RU,58.69,99.18,62.17,64,0,4.05,clear sky
187,Ahipara,NZ,-35.17,173.17,61.57,61,0,6.8,clear sky
188,Biu,NG,10.61,12.19,67.24,100,100,4.25,moderate rain
189,Hilo,US,19.73,-155.09,82.4,58,75,10.29,broken clouds
190,Pochutla,MX,15.74,-96.47,78.01,89,99,2.8,overcast clouds
191,Hermiston,US,45.84,-119.29,80.6,28,1,14.99,clear sky
192,Vestmannaeyjar,IS,63.44,-20.27,52.43,92,100,12.5,light rain
193,Vagur,FO,61.47,-6.81,50.16,79,62,6.17,broken clouds
194,Irbil,IQ,36.19,44.01,83.84,19,0,9.04,clear sky
195,Dikson,RU,73.51,80.55,41.81,96,100,20.67,overcast clouds
196,Belmonte,BR,-15.86,-38.88,71.6,88,40,1.12,scattered clouds
197,Sitges,ES,41.24,1.81,64.0,86,0,3.0,clear sky
198,Ust-Omchug,RU,61.15,149.63,48.56,50,0,5.73,clear sky
199,Lazaro Cardenas,MX,17.96,-102.2,78.22,88,99,3.0,moderate rain
200,Castro,BR,-24.79,-50.01,60.17,78,0,3.58,clear sky
201,Sungaipenuh,ID,-2.08,101.38,75.78,69,98,2.19,light rain
202,Saint John,CA,45.27,-66.07,60.01,100,90,12.75,overcast clouds
203,Luanda,AO,-8.84,13.23,68.0,88,75,6.93,broken clouds
204,Arman,RU,59.7,150.17,57.83,44,1,6.58,clear sky
205,Ust-Nera,RU,64.57,143.2,54.16,41,52,7.09,broken clouds
206,Rudbar,AF,30.15,62.6,67.55,33,0,8.93,clear sky
207,Port Macquarie,AU,-31.43,152.92,73.0,52,0,3.0,clear sky
208,Krasnyy Oktyabr,RU,56.12,38.88,52.68,89,100,4.56,overcast clouds
209,Tocopilla,CL,-22.09,-70.2,60.31,63,19,8.19,few clouds
210,Dzhebariki-Khaya,RU,62.22,135.8,62.37,35,100,5.5,overcast clouds
211,Kingston,JM,18.0,-76.79,86.0,84,75,5.82,broken clouds
212,Isangel,VU,-19.55,169.27,75.2,73,75,11.41,broken clouds
213,Monrovia,LR,6.3,-10.8,75.79,87,82,12.19,light rain
214,Jining,CN,35.41,116.58,82.45,69,0,5.06,clear sky
215,Homer,US,59.64,-151.55,55.4,71,90,11.41,light intensity shower rain
216,Young,UY,-32.68,-57.63,54.0,89,67,3.0,broken clouds
217,Navalmoral De La Mata,ES,39.89,-5.54,55.99,56,0,1.99,clear sky
218,Soe,ID,-9.86,124.28,79.18,37,82,8.9,broken clouds
219,Micheweni,TZ,-4.97,39.83,74.43,82,49,7.85,light rain
220,San Quintin,MX,30.48,-115.95,70.74,72,0,12.35,clear sky
221,Shingu,JP,33.73,135.98,86.0,79,20,5.82,few clouds
222,Requena,ES,39.49,-1.1,57.0,60,0,5.01,clear sky
223,Ancud,CL,-41.87,-73.82,39.0,96,69,5.01,broken clouds
224,Georgetown,MY,5.41,100.34,86.0,79,20,3.8,few clouds
225,Guerrero Negro,MX,27.98,-114.06,76.64,76,79,12.39,light rain
226,Alibag,IN,18.64,72.88,80.6,100,90,6.93,shower rain
227,Yining,CN,29.04,114.56,86.63,58,0,2.1,clear sky
228,Laguna,US,38.42,-121.42,84.0,34,1,8.05,clear sky
229,Catamarca,AR,-28.47,-65.79,58.66,54,92,6.2,overcast clouds
230,Mackay,AU,-21.15,149.2,73.4,60,40,17.22,scattered clouds
231,Myitkyina,MM,25.38,97.4,80.38,82,100,0.2,overcast clouds
232,Mar Del Plata,AR,-38.0,-57.56,44.01,64,75,4.7,broken clouds
233,Wucheng,CN,29.6,118.17,84.99,91,1,2.95,light rain
234,Airai,TL,-8.93,125.41,72.7,42,98,5.1,overcast clouds
235,Kambove,CD,-10.88,26.6,65.23,47,32,2.39,scattered clouds
236,Vestmanna,FO,62.16,-7.17,41.0,93,17,1.12,few clouds
237,Nome,US,64.5,-165.41,59.0,77,90,10.29,overcast clouds
238,Itoman,JP,26.12,127.67,89.6,70,20,14.99,few clouds
239,Walvis Bay,NA,-22.96,14.51,48.99,80,0,14.25,clear sky
240,Havoysund,NO,71.0,24.66,42.8,93,18,10.29,few clouds
241,Little Current,CA,45.98,-81.92,62.6,82,75,13.87,broken clouds
242,Concepcion,CL,-36.83,-73.05,44.6,70,0,3.36,clear sky
243,Tura,IN,25.52,90.22,78.17,89,100,5.73,light rain
244,Greeneville,US,36.16,-82.83,75.99,83,90,4.7,overcast clouds
245,Vostok,RU,46.49,135.88,49.41,91,100,5.39,overcast clouds
246,Primorsk,UA,46.73,36.34,68.72,56,0,7.7,clear sky
247,Roald,NO,62.58,6.13,50.0,76,100,9.17,light rain
248,Lodja,CD,-3.48,23.43,70.39,95,97,2.37,light rain
249,Ouallam,NE,14.32,2.09,79.07,76,37,12.46,scattered clouds
250,Bambous Virieux,MU,-20.34,57.76,70.0,73,40,14.99,scattered clouds
251,Conselheiro Pena,BR,-19.17,-41.47,68.81,78,0,4.05,clear sky
252,Cidreira,BR,-30.18,-50.21,66.0,89,98,7.05,light rain
253,Mukhtolovo,RU,55.46,43.2,49.68,95,49,3.89,scattered clouds
254,Komsomolskiy,UZ,40.43,71.72,71.6,35,0,2.24,clear sky
255,Tepeapulco,MX,19.78,-98.55,68.0,64,75,9.17,broken clouds
256,Jalu,LY,29.03,21.55,78.42,46,0,5.48,clear sky
257,Sao Joao Da Barra,BR,-21.64,-41.05,72.9,84,0,20.4,clear sky
258,Uvarovo,RU,51.98,42.26,53.2,86,7,1.74,clear sky
259,Padang,ID,-0.95,100.35,83.8,65,100,2.82,overcast clouds
260,Nishihara,JP,26.18,127.76,89.6,79,75,10.29,haze
261,Abu Ghosh,IL,31.81,35.11,81.0,83,40,1.12,scattered clouds
262,Edson,CA,53.58,-116.44,55.4,37,1,12.75,clear sky
263,Mulanje,MW,-16.03,35.5,72.03,46,14,9.15,few clouds
264,West Fargo,US,46.88,-96.9,68.0,67,1,5.82,clear sky
265,Ontario,US,34.06,-117.65,82.4,39,1,13.87,clear sky
266,Yenagoa,NG,4.92,6.26,73.99,91,97,2.51,overcast clouds
267,Vernon,CA,50.26,-119.27,69.01,28,1,6.93,clear sky
268,Tigil,RU,57.8,158.67,58.96,55,3,12.01,light rain
269,Boa Vista,BR,2.82,-60.67,80.6,78,40,2.24,scattered clouds
270,Ahuimanu,US,21.44,-157.84,87.8,62,20,18.34,few clouds
271,Timizart,DZ,36.8,4.27,68.45,65,74,8.25,light rain
272,Sungairaya,ID,0.7,108.9,85.95,65,0,4.25,clear sky
273,Ambilobe,MG,-13.2,49.05,61.74,86,93,3.09,overcast clouds
274,Pirgos,GR,35.12,25.72,78.01,64,0,13.0,clear sky
275,Riyadh,SA,24.69,46.72,80.6,21,97,5.82,overcast clouds
276,Gouyave,GD,12.16,-61.73,80.6,83,40,4.7,scattered clouds
277,Salalah,OM,17.02,54.09,77.0,94,90,2.24,overcast clouds
278,Cabo San Lucas,MX,22.89,-109.91,81.0,94,90,3.36,overcast clouds
279,Omboue,GA,-1.57,9.26,73.76,87,100,8.08,overcast clouds
280,Caibarien,CU,22.52,-79.47,80.6,88,20,4.7,few clouds
281,Tymovskoye,RU,50.85,142.66,63.73,39,4,4.52,clear sky
282,Aqtobe,KZ,50.28,57.21,62.6,42,100,6.71,overcast clouds
283,Loandjili,CG,-4.76,11.86,71.94,85,100,7.52,overcast clouds
284,La Rioja,ES,42.25,-2.5,53.6,81,40,8.05,scattered clouds
285,Ixtapa,MX,20.7,-105.2,84.2,74,90,0.87,light rain
286,Mehamn,NO,71.04,27.85,48.69,76,53,9.82,broken clouds
287,Kieta,PG,-6.22,155.63,86.9,63,2,8.72,clear sky
288,Trairi,BR,-3.28,-39.27,78.44,78,70,14.99,broken clouds
289,Pemberton,CA,50.32,-122.8,64.4,45,20,6.93,few clouds
290,Husavik,IS,66.04,-17.34,53.6,66,43,4.7,light rain
291,Tonantins,BR,-2.87,-67.8,73.49,96,97,3.36,overcast clouds
292,Gatesville,US,31.44,-97.74,93.2,38,1,4.7,clear sky
293,Iskateley,RU,67.68,53.15,40.84,80,99,10.16,overcast clouds
294,Berlevag,NO,70.86,29.09,48.45,76,90,10.6,overcast clouds
295,Sao Gabriel Da Cachoeira,BR,-0.13,-67.09,72.61,95,100,1.74,overcast clouds
296,Luderitz,NA,-26.65,15.16,50.09,62,0,15.61,clear sky
297,Coevorden,NL,52.66,6.74,55.99,95,0,5.01,clear sky
298,Porto Tolle,IT,44.95,12.32,71.01,89,51,9.15,broken clouds
299,Nanga Eboko,CM,4.68,12.37,68.56,97,100,3.29,light rain
300,Thessalon,CA,46.25,-83.57,60.8,82,75,10.29,broken clouds
301,Egvekinot,RU,66.32,-179.17,41.22,69,25,16.64,scattered clouds
302,Hami,CN,42.8,93.45,72.34,25,0,6.31,clear sky
303,Hervey Bay,AU,-25.3,152.85,73.4,46,75,18.34,broken clouds
304,Batagay-Alyta,RU,67.8,130.41,54.12,46,100,3.36,overcast clouds
305,Manavalakurichi,IN,8.13,77.3,84.2,79,20,6.93,few clouds
306,Brookings,US,44.31,-96.8,66.2,59,1,3.36,clear sky
307,Puerto Escondido,MX,15.85,-97.07,80.44,76,100,2.42,overcast clouds
308,Tasiilaq,GL,65.61,-37.64,41.0,75,100,2.24,light rain
309,Asau,RO,46.43,26.4,63.0,78,0,4.43,clear sky
310,Okha,RU,53.57,142.95,57.47,59,0,7.43,clear sky
311,Lata,PT,40.16,-8.33,60.01,81,0,3.02,clear sky
312,Mayo,US,38.89,-76.51,79.0,94,1,5.82,clear sky
313,Ihosy,MG,-22.4,46.12,60.82,83,69,8.9,broken clouds
314,Luganville,VU,-15.53,167.17,80.6,83,75,11.41,broken clouds
315,Caravelas,BR,-17.71,-39.25,71.8,88,0,4.41,clear sky
316,Cuamba,MZ,-14.8,36.54,65.64,60,0,4.97,clear sky
317,Bengkulu,ID,-3.8,102.27,83.79,64,67,4.34,broken clouds
318,Batagay,RU,67.63,134.63,61.0,33,2,7.16,clear sky
319,Shimoda,JP,34.67,138.95,84.2,79,75,1.12,broken clouds
320,Diffa,NE,13.32,12.61,77.11,68,100,3.02,light rain
321,Grand-Lahou,CI,5.14,-5.02,73.96,90,100,9.55,overcast clouds
322,Coquimbo,CL,-29.95,-71.34,51.8,87,100,2.24,overcast clouds
323,Abu Dhabi,AE,24.47,54.37,93.2,71,45,6.93,scattered clouds
324,Tomatlan,MX,19.93,-105.25,78.64,81,100,8.41,overcast clouds
325,Margate,GB,51.38,1.39,61.0,89,100,8.01,light rain
326,Antigonish,CA,45.62,-62.0,61.0,95,100,1.01,light rain
327,Muros,ES,42.78,-9.06,52.0,91,6,10.8,clear sky
328,Adrar,MR,20.5,-10.07,92.39,13,26,16.55,scattered clouds
329,Saint-Augustin,CA,51.23,-58.65,54.61,62,100,7.25,overcast clouds
330,Gigmoto,PH,13.78,124.39,84.92,66,100,7.11,overcast clouds
331,Araouane,ML,18.9,-3.53,86.0,53,46,12.53,scattered clouds
332,Dudinka,RU,69.41,86.18,46.4,100,90,2.24,fog
333,Ife,NG,7.47,4.57,69.94,99,100,1.45,overcast clouds
334,Bati,ET,11.18,40.02,66.87,83,100,4.25,moderate rain
335,Kargasok,RU,59.06,80.86,57.29,92,35,5.93,scattered clouds
336,Nanortalik,GL,60.14,-45.24,48.9,73,81,7.43,broken clouds
337,Jian,CN,27.12,114.98,85.51,62,0,3.27,clear sky
338,Langen,DE,49.99,8.67,61.0,87,99,1.12,overcast clouds
339,Sterling,US,39.01,-77.43,77.0,65,20,4.7,few clouds
340,Ngunguru,NZ,-35.62,174.5,70.0,49,0,5.99,clear sky
341,Guanagazapa,GT,14.23,-90.64,64.4,100,75,3.2,mist
342,Jumla,NP,29.27,82.18,66.31,59,0,1.54,clear sky
343,Mount Gambier,AU,-37.83,140.77,53.6,87,75,19.46,light intensity shower rain
344,Ambon,ID,-3.7,128.18,77.0,94,75,4.7,broken clouds
345,Cabedelo,BR,-6.98,-34.83,77.0,83,40,9.17,scattered clouds
346,Oranjemund,NA,-28.55,16.43,49.33,72,0,7.34,clear sky
347,Jiayuguan,CN,39.82,98.3,63.5,34,0,1.16,clear sky
348,Coihaique,CL,-45.58,-72.07,41.0,88,40,4.7,scattered clouds
349,Novyy Urengoy,RU,66.08,76.63,46.18,83,24,12.44,few clouds
350,Severnyy,RU,50.68,36.55,57.2,87,49,6.71,scattered clouds
351,Jieshi,CN,22.81,115.83,85.08,74,54,8.9,broken clouds
352,Ternate,ID,0.8,127.4,83.01,72,96,3.6,overcast clouds
353,Bathsheba,BB,13.22,-59.52,82.4,78,40,20.8,shower rain
354,Pisco,PE,-13.7,-76.22,63.0,87,90,5.82,overcast clouds
355,Codajas,BR,-3.84,-62.06,73.09,96,69,3.4,moderate rain
356,Souillac,MU,-20.52,57.52,69.8,73,40,14.99,scattered clouds
357,Calderitas,MX,18.55,-88.25,82.94,84,0,11.68,clear sky
358,Manjacaze,MZ,-24.71,33.88,70.7,87,73,12.95,broken clouds
359,Aland,IN,17.57,76.57,76.35,81,100,11.7,overcast clouds
360,Comal,US,29.82,-98.3,91.0,60,3,11.99,clear sky
361,Kailua,US,21.4,-157.74,84.2,62,20,18.34,few clouds
362,Sinnamary,GF,5.38,-52.95,79.21,85,90,11.97,overcast clouds
363,Santa Isabel Do Rio Negro,BR,-0.41,-65.02,73.58,96,93,2.68,moderate rain
364,Santa Cruz Del Norte,CU,23.15,-81.92,75.2,94,20,5.82,few clouds
365,Alexandria,EG,31.22,29.96,78.8,83,40,4.7,scattered clouds
366,Palmas,BR,-10.21,-48.36,78.8,44,0,8.05,clear sky
367,Kindia,GN,10.06,-12.87,68.59,100,100,1.1,overcast clouds
368,Faya,SA,18.39,42.45,68.0,45,20,6.82,few clouds
369,Barcelos,PT,41.54,-8.62,59.0,82,0,10.29,clear sky
370,Honiara,SB,-9.43,159.95,93.2,67,20,16.11,few clouds
371,Klaksvik,FO,62.23,-6.59,41.0,93,58,1.12,broken clouds
372,Touros,BR,-5.2,-35.46,77.0,83,40,8.05,scattered clouds
373,Dakar,SN,14.69,-17.44,84.2,83,75,4.7,broken clouds
374,Bonavista,CA,48.65,-53.11,55.99,82,98,14.0,overcast clouds
375,Zaysan,KZ,47.47,84.87,67.35,35,0,4.47,clear sky
376,Santa Rosa,PH,14.31,121.11,88.0,62,83,14.99,moderate rain
377,Hefei,CN,31.86,117.28,84.2,79,40,4.47,scattered clouds
378,Lasa,IT,46.62,10.7,55.0,100,90,5.82,mist
379,Ulladulla,AU,-35.35,150.47,75.2,25,0,18.34,clear sky
380,Birjand,IR,32.87,59.22,62.6,29,0,21.09,clear sky
381,Bantry,IE,51.68,-9.45,48.2,87,75,8.05,broken clouds
382,Sampit,ID,-2.53,112.95,89.51,53,35,4.83,scattered clouds
383,Kenai,US,60.55,-151.26,57.2,67,90,9.17,light rain
384,Labuhan,ID,-6.88,112.21,82.78,59,100,5.39,overcast clouds
385,Torbay,CA,47.67,-52.73,57.0,82,75,19.46,broken clouds
386,Kholm,RU,59.27,32.85,51.66,98,100,4.88,moderate rain
387,Sao Felix Do Xingu,BR,-6.64,-51.99,77.0,44,30,0.72,scattered clouds
388,Beloha,MG,-25.17,45.05,70.18,61,4,6.13,clear sky
389,Basco,PH,20.45,121.97,84.07,77,91,6.31,overcast clouds
390,Tautira,PF,-17.73,-149.15,84.2,62,40,10.29,scattered clouds
391,Sao Miguel Do Araguaia,BR,-13.28,-50.16,76.44,32,0,4.94,clear sky
392,Sale,MA,34.04,-6.82,60.01,82,1,4.12,clear sky
393,Maragogi,BR,-9.01,-35.22,74.39,84,52,10.51,broken clouds
394,Revelstoke,CA,50.98,-118.2,64.4,45,75,5.82,broken clouds
395,Voh,NC,-20.97,164.7,75.94,49,1,18.12,clear sky
396,Trincomalee,LK,8.57,81.23,82.11,73,100,17.52,overcast clouds
397,Cordoba,AR,-31.41,-64.18,53.01,45,88,11.41,overcast clouds
398,Suluq,LY,31.67,20.25,73.99,51,0,12.57,clear sky
399,Neiafu,TO,-18.65,-173.98,82.4,69,20,17.22,few clouds
400,Huarmey,PE,-10.07,-78.15,60.89,85,65,7.49,broken clouds
401,Sabancuy,MX,18.97,-91.18,82.87,85,67,9.01,broken clouds
402,Eureka,US,40.8,-124.16,61.0,42,1,3.22,clear sky
403,Alihe,CN,50.57,123.72,51.17,92,100,3.24,overcast clouds
404,Myaundzha,RU,63.05,147.19,49.82,45,9,4.43,clear sky
405,Los Llanos De Aridane,ES,28.66,-17.92,73.4,69,75,18.34,broken clouds
406,Tabou,CI,4.42,-7.35,75.11,85,98,12.28,overcast clouds
407,Mega,ET,4.05,38.3,56.61,96,26,14.07,scattered clouds
408,Khasan,RU,42.43,130.64,65.64,88,100,12.44,overcast clouds
409,Vila Velha,BR,-20.33,-40.29,73.4,83,20,5.82,few clouds
410,Saskylakh,RU,71.92,114.08,60.94,41,100,5.61,overcast clouds
411,Aleksandrovsk-Sakhalinskiy,RU,50.9,142.16,63.43,43,41,7.54,scattered clouds
412,Palmer,US,42.16,-72.33,73.99,94,75,4.7,broken clouds
413,Sorland,NO,67.67,12.69,48.38,79,100,14.32,overcast clouds
414,Marks,RU,51.71,46.75,63.0,56,0,1.99,clear sky
415,Hofn,IS,64.25,-15.21,50.04,72,98,2.66,overcast clouds
416,Mitsamiouli,KM,-11.38,43.28,75.06,74,0,9.89,clear sky
417,Fairbanks,US,64.84,-147.72,66.2,45,75,4.7,broken clouds
418,Astoria,US,46.19,-123.83,61.0,67,40,17.22,scattered clouds
419,Diego De Almagro,CL,-26.37,-70.05,45.05,62,12,1.54,few clouds
420,Doume,CM,4.23,13.45,68.23,97,100,2.42,overcast clouds
421,Tessalit,ML,20.2,1.01,81.68,55,0,13.06,clear sky
422,Ler,SS,8.3,30.14,71.56,90,98,1.32,overcast clouds
423,West Wendover,US,40.74,-114.07,89.6,11,1,14.99,clear sky
424,Pedasi,PA,7.53,-80.03,78.8,83,100,7.83,overcast clouds
425,Nirmali,IN,26.32,86.58,89.02,60,42,2.91,scattered clouds
426,Oudtshoorn,ZA,-33.59,22.2,42.8,81,100,14.99,overcast clouds
427,Saint Anthony,US,45.02,-93.22,68.0,68,1,3.13,clear sky
428,Tual,ID,-5.67,132.75,79.25,84,96,21.14,moderate rain
429,Biak,ID,-0.91,122.88,82.8,63,95,9.69,overcast clouds
430,Yatou,CN,37.15,122.38,79.7,80,35,7.58,scattered clouds
431,Zaranj,AF,30.97,61.88,77.0,29,0,28.86,clear sky
432,Buraydah,SA,26.33,43.98,77.0,33,0,5.82,clear sky
433,Broome,US,42.25,-75.83,66.2,68,75,20.8,broken clouds
434,Bilma,NE,18.69,12.92,85.42,53,65,17.6,broken clouds
435,Gidole,ET,5.65,37.37,59.63,75,72,2.62,broken clouds
436,Maniitsoq,GL,65.42,-52.9,49.28,73,78,9.24,broken clouds
437,Ponta Delgada,PT,37.73,-25.67,73.4,83,75,9.17,broken clouds
438,Barranca,PE,-10.75,-77.77,61.16,84,85,6.29,overcast clouds
439,Kloulklubed,PW,7.04,134.26,86.0,70,75,6.93,broken clouds
440,Makakilo City,US,21.35,-158.09,87.8,45,40,10.29,scattered clouds
441,Agde,FR,43.31,3.48,60.8,87,100,11.41,overcast clouds
442,Richards Bay,ZA,-28.78,32.04,64.8,66,99,11.5,light rain
443,Sao Sepe,BR,-30.16,-53.57,68.0,88,90,9.17,overcast clouds
444,Khorramshahr,IR,30.44,48.17,84.2,37,0,4.7,clear sky
445,Turukhansk,RU,65.82,87.98,58.21,65,93,3.51,overcast clouds
446,Acarau,BR,-2.89,-40.12,78.3,78,67,19.1,broken clouds
447,Talwandi Bhai,IN,30.85,74.93,87.22,61,0,8.59,clear sky
448,Cururupu,BR,-1.83,-44.87,77.07,88,0,5.46,clear sky
449,Salisbury,GB,51.07,-1.8,53.6,81,69,16.11,broken clouds
450,Aswan,EG,24.09,32.91,80.1,26,0,6.62,clear sky
451,Grand Gaube,MU,-20.01,57.66,70.0,71,1,8.01,clear sky
452,Yuanping,CN,38.72,112.76,79.27,60,30,6.8,scattered clouds
453,Kolosovka,RU,56.47,73.61,63.59,74,33,4.41,scattered clouds
454,Kennewick,US,46.21,-119.14,79.0,22,1,19.46,clear sky
455,Healdsburg,US,38.61,-122.87,69.01,68,1,9.17,smoke
456,Umtata,ZA,-31.59,28.78,44.6,81,71,11.41,broken clouds
457,Kijang,KR,35.24,129.21,91.4,59,20,3.36,few clouds
458,Namibe,AO,-15.2,12.15,59.11,77,0,1.25,clear sky
459,Atambua,ID,-9.11,124.89,84.43,37,97,3.15,overcast clouds
460,Tokmak,UA,47.25,35.71,63.9,60,0,3.02,clear sky
461,Banda Aceh,ID,5.56,95.32,83.86,70,100,6.31,overcast clouds
462,Maningrida,AU,-12.07,134.27,88.83,46,39,11.63,scattered clouds
463,Wasco,US,35.59,-119.34,96.8,20,0,5.82,clear sky
464,Mitu,CO,1.2,-70.17,70.77,98,100,3.36,overcast clouds
465,Bubaque,GW,11.28,-15.83,78.85,82,100,9.95,light rain
466,Dawlatabad,AF,36.41,64.91,76.5,22,0,8.84,clear sky
467,Ilulissat,GL,69.22,-51.1,39.2,90,42,5.82,scattered clouds
468,Tilichiki,RU,60.47,166.1,55.4,62,100,12.08,overcast clouds
469,Golden,US,39.76,-105.22,72.0,52,75,3.29,moderate rain
470,Bowen,AU,-20.02,148.23,75.2,50,75,20.8,broken clouds
471,Alofi,NU,-19.06,-169.92,80.6,69,12,17.22,few clouds
472,Sur,OM,22.57,59.53,86.74,59,37,2.06,scattered clouds
473,Luquillo,PR,18.37,-65.72,84.2,74,40,11.41,scattered clouds
474,Naze,JP,28.37,129.48,87.8,83,75,11.41,light intensity shower rain
475,Barguzin,RU,53.62,109.62,59.68,70,97,4.29,overcast clouds
476,San Patricio,MX,19.22,-104.7,78.87,86,100,9.08,overcast clouds
477,Burnie,AU,-41.07,145.92,57.0,71,100,8.99,light rain
478,Montepuez,MZ,-13.13,39.0,64.38,91,59,3.4,broken clouds
479,Deneysville,ZA,-26.89,28.1,38.03,70,1,6.64,clear sky
480,Sitka,US,57.05,-135.33,57.2,82,75,5.82,broken clouds
481,Vrangel,RU,42.73,133.08,65.79,78,99,15.61,overcast clouds
482,Gat,IL,31.61,34.76,81.0,90,0,0.25,clear sky
483,Amapa,BR,1.0,-52.0,72.48,98,98,3.27,overcast clouds
484,Kerema,PG,-7.96,145.78,82.71,73,11,7.52,few clouds
485,Udachnyy,RU,66.42,112.4,55.4,43,90,2.24,haze
486,Henties Bay,NA,-22.12,14.28,48.99,80,0,11.72,clear sky
487,Progreso,MX,21.28,-89.67,87.01,84,40,11.41,scattered clouds
488,Bosobolo,CD,4.18,19.9,70.03,96,100,0.83,moderate rain
489,Staryy Merchyk,UA,49.98,35.76,53.6,93,0,4.47,clear sky
490,Effingham,US,32.37,-81.33,82.4,74,75,11.41,broken clouds
491,Port Blair,IN,11.67,92.75,85.1,69,30,4.38,scattered clouds
492,Shahr-E Kord,IR,32.33,50.86,55.4,26,0,6.93,clear sky
493,Providencia,MX,28.72,-111.58,86.0,79,58,10.0,broken clouds
494,Rapid Valley,US,44.06,-103.15,80.6,41,40,13.87,heavy intensity rain
495,Derzhavinsk,KZ,51.1,66.32,71.62,47,21,7.14,few clouds
496,Axim,GH,4.87,-2.24,74.37,86,100,9.31,overcast clouds
497,Bairiki,KI,1.33,172.98,89.6,66,20,11.41,few clouds
498,Pangnirtung,CA,66.15,-65.71,42.8,87,5,5.82,clear sky
499,Umba,RU,66.69,34.34,43.54,88,0,4.36,clear sky
500,Broken Hill,AU,-31.95,141.43,77.0,13,86,20.8,overcast clouds
501,Sangar,RU,63.92,127.47,53.19,64,100,10.25,light rain
502,Syasstroy,RU,60.14,32.57,53.11,92,98,9.64,heavy intensity rain
503,Goryachiy Klyuch,RU,44.63,39.13,66.0,72,0,6.71,clear sky
504,Banyuwangi,ID,-8.23,114.36,82.99,58,69,7.27,broken clouds
505,Muscat,OM,23.61,58.59,86.0,89,40,3.36,scattered clouds
506,Rio Esteban,HN,15.83,-86.3,80.6,81,0,8.19,clear sky
507,Mombaca,BR,-5.74,-39.63,74.01,74,66,4.68,broken clouds
508,Umm Kaddadah,SD,13.6,26.69,80.64,59,4,6.82,clear sky
509,Jiwani,PK,25.05,61.74,81.07,82,19,6.69,few clouds
510,Road Town,VG,18.42,-64.62,84.0,88,3,7.0,clear sky
511,Sunrise Manor,US,36.21,-115.07,102.2,9,1,13.87,clear sky
512,Mao,ES,39.89,4.27,66.2,82,20,5.82,few clouds
513,Abu Samrah,SY,35.3,37.18,71.8,43,0,1.9,clear sky
514,Burns Lake,CA,54.23,-125.75,53.35,58,39,8.5,scattered clouds
515,Liancheng,CN,24.05,105.08,78.94,66,2,4.0,clear sky
516,Nioro,GM,13.35,-15.75,73.67,97,55,5.26,broken clouds
517,Chengzihe,CN,45.33,131.07,65.01,91,96,3.36,overcast clouds
518,Shestakovo,RU,56.49,103.96,66.7,55,100,5.3,overcast clouds
519,Akyab,MM,20.15,92.9,83.68,79,100,4.99,overcast clouds
520,Kungurtug,RU,50.6,97.52,47.97,84,100,2.89,light rain
521,Rotterdam,NL,51.92,4.48,57.99,93,75,3.36,broken clouds
522,Harper,LR,4.38,-7.72,75.2,85,97,11.88,light rain
523,Nizhniy Kuranakh,RU,58.84,125.49,67.12,46,99,12.53,overcast clouds
524,General Pico,AR,-35.66,-63.76,38.79,67,0,2.91,clear sky
525,Russell,US,32.35,-85.2,80.6,88,90,4.7,overcast clouds
526,Manicore,BR,-5.81,-61.3,78.8,94,32,2.24,scattered clouds
527,Lisala,CD,2.15,21.52,69.24,98,100,2.57,overcast clouds
528,Nabire,ID,-3.37,135.48,79.39,83,93,3.89,overcast clouds
529,Mazagao,BR,-0.12,-51.29,84.2,79,40,12.75,scattered clouds
530,Reconquista,AR,-29.15,-59.65,61.72,52,92,14.76,overcast clouds
531,Bumbuna,SL,9.05,-11.73,70.47,98,100,1.81,light rain
532,Lao Cai,VN,22.48,103.95,85.62,69,76,2.19,broken clouds
533,Palauig,PH,15.44,119.9,84.22,77,100,6.55,very heavy rain
534,Cochrane,CA,51.18,-114.47,50.0,87,90,4.7,overcast clouds
535,Oranjestad,AW,12.52,-70.03,84.2,79,20,13.87,few clouds
536,Paamiut,GL,61.99,-49.67,48.31,58,43,9.15,scattered clouds
537,Abha,SA,18.22,42.51,68.0,45,20,7.76,few clouds
538,Carballo,ES,43.21,-8.69,57.2,82,75,5.66,broken clouds
539,Zhicheng,CN,30.3,111.5,85.21,63,0,5.1,clear sky
540,Nouakchott,MR,18.09,-15.98,82.4,78,20,17.22,few clouds
541,Lubango,AO,-14.92,13.49,57.99,54,1,4.61,clear sky
542,Sarkand,KZ,45.41,79.92,69.98,32,0,5.1,clear sky
543,Kyzyl-Suu,KG,42.34,78.0,61.32,47,0,3.0,clear sky
544,Karasjok,NO,69.47,25.51,46.4,81,92,19.46,overcast clouds
545,Suez,EG,29.97,32.53,75.31,85,0,12.17,clear sky
546,Salinopolis,BR,-0.61,-47.36,79.61,83,57,12.88,broken clouds
547,Enshi,CN,30.3,109.48,85.35,62,34,0.98,scattered clouds
548,Puri,IN,19.8,85.85,84.2,89,40,6.93,haze
549,Vardo,NO,70.37,31.11,50.27,79,47,11.9,scattered clouds
550,Raudeberg,NO,61.99,5.14,48.99,86,100,19.37,overcast clouds
551,Sergeyevka,KZ,53.88,67.42,69.04,63,80,6.22,broken clouds
552,Port Lavaca,US,28.61,-96.63,87.01,89,1,8.05,clear sky
553,Priyutnoye,RU,46.1,43.51,60.01,55,0,4.0,clear sky
554,Kysyl-Syr,RU,63.9,122.76,57.9,88,100,2.42,light rain
555,Chara,RU,56.91,118.26,54.91,69,100,2.44,overcast clouds
556,Nurota,UZ,40.56,65.69,64.4,45,0,9.17,clear sky
557,Boli,CN,45.77,130.52,69.39,73,95,3.47,overcast clouds
558,Bakchar,RU,57.02,82.07,60.46,88,8,3.51,clear sky
559,Villa Carlos Paz,AR,-31.42,-64.5,53.01,54,61,11.41,broken clouds
560,Alta Floresta,BR,-9.88,-56.09,78.48,46,37,3.87,scattered clouds
561,Gizo,SB,-8.1,156.84,84.31,76,60,11.12,broken clouds
562,Byron Bay,AU,-28.65,153.62,68.0,68,75,8.05,broken clouds
563,Camana,PE,-16.62,-72.71,60.12,81,79,9.4,broken clouds
564,Comodoro Rivadavia,AR,-45.87,-67.5,44.6,48,92,28.86,overcast clouds
565,Muli,MV,2.92,73.57,83.59,64,24,4.97,few clouds
566,Kizema,RU,61.11,44.83,53.01,90,91,6.04,overcast clouds
567,Zhangye,CN,38.93,100.45,65.64,44,89,4.97,overcast clouds
568,Coahuayana,MX,18.73,-103.68,77.63,89,100,2.04,overcast clouds
569,Fare,PF,-16.7,-151.02,78.08,76,2,23.02,clear sky
570,Tarumovka,RU,44.08,46.54,71.06,47,0,4.63,clear sky
571,Kumluca,TR,36.37,30.29,86.85,33,0,4.7,clear sky
572,Koumac,NC,-20.57,164.28,72.7,63,12,21.27,few clouds
573,Garden City,US,42.33,-83.33,68.0,59,40,6.93,scattered clouds
574,Zhezkazgan,KZ,47.8,67.71,60.8,48,0,13.42,clear sky
575,Mountain Home,US,43.13,-115.69,89.6,11,1,8.05,clear sky
576,Tevriz,RU,57.51,72.4,60.15,82,78,4.56,light rain
577,Chalus,IR,36.66,51.42,73.4,83,75,4.7,broken clouds
578,Beyneu,KZ,45.32,55.2,73.2,62,89,8.05,overcast clouds
579,Filingue,NE,14.35,3.32,78.82,77,26,9.46,scattered clouds
580,Bombay,IN,19.01,72.85,80.6,100,90,6.93,shower rain
581,Gabaldon,PH,15.45,121.34,85.05,69,100,7.14,light rain
582,Altay,CN,47.87,88.12,64.2,38,0,3.78,clear sky
583,Usinsk,RU,65.99,57.53,48.81,76,100,7.65,overcast clouds
584,Shache,CN,38.42,77.24,76.98,25,97,7.07,overcast clouds
585,Dwarahat,IN,29.78,79.43,70.97,87,41,2.59,scattered clouds
586,Baker City,US,44.77,-117.83,73.4,17,1,20.8,clear sky
587,Ekhabi,RU,53.51,142.97,58.05,58,0,7.67,clear sky
588,Newberry,US,34.27,-81.62,80.01,83,1,5.82,clear sky
589,Kingsland,US,30.8,-81.69,80.6,81,40,10.29,scattered clouds
590,Olafsvik,IS,64.89,-23.71,52.12,89,100,14.47,light rain
591,Santa Cruz,BO,-17.8,-63.17,77.0,78,0,5.82,clear sky
592,Flin Flon,CA,54.77,-101.86,58.37,79,100,17.16,overcast clouds
593,Ahtopol,BG,42.1,27.95,71.01,94,75,5.82,broken clouds
594,Raga,SS,8.46,25.68,68.04,96,98,4.54,overcast clouds
595,Tiel,NL,51.88,5.43,55.0,93,3,6.55,clear sky
596,Conde,BR,-7.26,-34.91,77.0,83,40,9.17,scattered clouds
597,Grand-Santi,GF,4.25,-54.38,73.65,95,100,2.01,overcast clouds
598,Yeppoon,AU,-23.13,150.73,73.4,46,75,11.41,broken clouds
599,Sattahip,TH,12.67,100.9,86.0,74,20,2.24,few clouds
600,Payo,ID,-3.75,103.64,88.74,48,52,5.95,broken clouds
601,Portland,US,45.52,-122.68,71.6,35,20,16.11,few clouds
602,Lompoc,US,34.64,-120.46,60.8,82,1,10.29,clear sky
603,Petatlan,MX,17.52,-101.27,76.05,92,100,0.54,overcast clouds
604,Grande Prairie,CA,55.17,-118.8,46.4,87,90,17.22,overcast clouds
605,Mwinilunga,ZM,-11.74,24.43,63.9,67,62,0.78,broken clouds
606,Tambura,SS,5.6,27.47,66.76,98,91,4.83,overcast clouds
607,Lethem,GY,3.38,-59.8,75.42,89,100,1.97,light rain
608,Sistranda,NO,63.73,8.83,48.2,93,75,3.36,shower rain
609,Envira,BR,-7.3,-70.22,75.97,78,98,3.31,overcast clouds
610,Waingapu,ID,-9.66,120.26,85.71,42,31,18.57,light rain
611,Hailar,CN,49.2,119.7,57.4,87,100,5.84,overcast clouds
612,Kropotkin,RU,45.44,40.58,62.55,46,0,7.47,clear sky
613,Cayenne,GF,4.93,-52.33,78.8,94,93,12.44,overcast clouds
614,Ubinskoye,RU,55.31,79.68,62.2,82,0,6.17,clear sky
615,Tefe,BR,-3.35,-64.71,74.35,95,100,3.0,overcast clouds
616,West Hollywood,US,34.09,-118.36,75.2,64,1,8.05,clear sky
617,Kununurra,AU,-15.77,128.73,87.8,26,24,11.41,few clouds
618,Parola,IN,20.88,75.12,76.53,89,100,10.0,light rain
619,Funtua,NG,11.52,7.31,68.36,94,100,2.04,light rain
620,Belle Fourche,US,44.67,-103.85,77.0,60,20,5.82,few clouds
621,Honjo,JP,36.23,139.18,95.0,50,0,3.0,clear sky
622,Tazovskiy,RU,67.47,78.7,46.72,85,100,14.0,overcast clouds
623,Arvika,SE,59.66,12.59,53.01,100,59,4.7,broken clouds
624,Jasper,US,37.2,-94.35,72.0,83,90,8.05,overcast clouds
625,Kopanos,GR,40.63,22.13,73.0,46,0,1.88,clear sky
626,Srednekolymsk,RU,67.45,153.68,50.07,54,78,4.27,broken clouds
627,Taoudenni,ML,22.68,-3.98,91.99,46,17,12.3,few clouds
628,Ribeira Brava,PT,32.65,-17.07,71.6,53,40,14.99,scattered clouds
629,Ballina,AU,-28.87,153.57,69.8,68,75,8.05,broken clouds
630,Kita,ML,13.03,-9.49,71.64,98,100,4.74,overcast clouds
631,Bara,NG,10.37,10.73,72.81,90,100,3.13,overcast clouds
632,Ankazobe,MG,-18.32,47.12,55.4,76,75,9.17,broken clouds
633,Pak Phanang,TH,8.35,100.2,89.6,70,20,2.24,few clouds
634,Itaituba,BR,-4.28,-55.98,73.33,94,14,1.12,few clouds
635,San Juan De Uraba,CO,8.76,-76.53,76.28,88,69,8.16,broken clouds
636,Beroroha,MG,-21.67,45.17,64.85,77,0,4.21,clear sky
637,Challans,FR,46.84,-1.87,53.6,87,0,4.7,clear sky
638,Wajima,JP,37.4,136.9,86.0,70,40,4.7,scattered clouds
639,Mpanda,TZ,-6.37,31.04,60.91,48,0,1.68,clear sky
640,Orange,US,33.7,-117.77,71.6,60,1,5.82,clear sky
641,Cabra,ES,37.47,-4.44,68.0,34,54,6.93,broken clouds
642,Santiago,CL,-33.46,-70.65,48.2,76,0,4.7,clear sky
643,Tumpat,MY,6.2,102.17,86.0,74,20,3.36,few clouds
644,San Andres,CO,12.58,-81.7,77.0,94,75,14.56,broken clouds
645,Volosovo,RU,59.43,29.48,53.6,87,75,11.18,broken clouds
646,Plettenberg Bay,ZA,-34.05,23.37,45.63,86,100,8.19,moderate rain
647,Minsk,BY,53.9,27.57,57.2,100,49,2.24,scattered clouds
648,Kahului,US,20.89,-156.47,87.8,52,1,27.51,clear sky
649,Sorong,ID,-0.88,131.25,83.26,70,70,7.02,broken clouds
650,Bria,CF,6.54,21.99,68.99,95,100,2.91,light rain
651,Aksu,CN,41.12,80.26,72.46,35,83,5.17,broken clouds
652,Auki,SB,-8.77,160.7,87.28,69,93,8.99,overcast clouds
653,Ola,RU,59.58,151.28,55.67,53,33,7.83,scattered clouds
654,Itacoatiara,BR,-3.14,-58.44,75.02,89,27,0.94,moderate rain
655,Guiren,CN,33.67,118.19,75.31,96,100,6.67,overcast clouds
656,Kamenka,RU,51.32,42.77,55.65,78,5,2.73,clear sky
657,Vadso,NO,70.07,29.75,46.4,81,51,17.22,broken clouds
658,Kyabram,AU,-36.32,145.05,70.0,35,23,17.22,few clouds
659,Necochea,AR,-38.55,-58.74,39.0,74,3,1.99,clear sky
660,Khash,IR,28.22,61.22,69.6,21,0,3.78,clear sky
661,Puerto Cabezas,NI,14.04,-83.39,79.83,89,16,7.81,few clouds
662,Muzhi,RU,65.37,64.67,46.69,65,100,7.99,overcast clouds
663,Udomlya,RU,57.88,34.99,53.83,96,100,9.13,light rain
664,Cam Ranh,VN,11.92,109.16,95.0,53,7,1.12,clear sky
665,Preobrazheniye,RU,42.9,133.91,65.8,69,78,18.88,broken clouds
666,Dalnerechensk,RU,45.93,133.72,57.99,85,100,9.19,overcast clouds
667,Porto-Vecchio,FR,41.59,9.28,73.4,88,13,17.22,moderate rain
668,Iberia,US,29.95,-91.75,80.6,100,1,4.7,clear sky
669,Arlit,NE,18.74,7.39,87.96,47,19,9.33,few clouds
670,Tete,MZ,-16.16,33.59,69.8,49,37,1.63,scattered clouds
671,Miraflores,MX,19.22,-98.81,68.0,64,75,9.17,broken clouds
672,Saint-Joseph,RE,-21.37,55.62,64.4,77,50,5.82,scattered clouds
673,Pampa,US,35.54,-100.96,80.6,44,40,6.93,very heavy rain
674,Ouesso,CG,1.61,16.05,70.2,94,100,1.95,overcast clouds
675,Rocha,UY,-34.48,-54.33,45.32,79,71,11.9,broken clouds
